Date,Crude Oil,State Underground Storage Tank,Refinery,Marketing,Tax,Average Retail Price
01/04/1999,0.25,0.00,0.26,0.17,0.44,1.13
01/11/1999,0.27,0.00,0.24,0.18,0.44,1.13
01/18/1999,0.25,0.00,0.24,0.19,0.44,1.12
01/25/1999,0.25,0.00,0.23,0.19,0.44,1.12
02/01/1999,0.26,0.00,0.24,0.17,0.44,1.11
02/08/1999,0.24,0.00,0.27,0.16,0.44,1.11
02/15/1999,0.23,0.00,0.27,0.16,0.44,1.10
02/22/1999,0.25,0.00,0.25,0.17,0.44,1.11
03/01/1999,0.26,0.00,0.27,0.15,0.44,1.12
03/08/1999,0.29,0.00,0.33,0.10,0.45,1.16
03/15/1999,0.30,0.00,0.33,0.11,0.45,1.19
03/22/1999,0.32,0.00,0.46,-0.01,0.45,1.23
03/29/1999,0.35,0.00,0.71,-0.07,0.47,1.46
04/05/1999,0.36,0.00,0.73,0.02,0.48,1.59
04/12/1999,0.35,0.00,0.64,0.15,0.48,1.62
04/19/1999,0.38,0.00,0.49,0.24,0.48,1.59
04/26/1999,0.38,0.00,0.47,0.25,0.48,1.57
05/03/1999,0.38,0.00,0.45,0.24,0.48,1.54
05/10/1999,0.41,0.00,0.41,0.23,0.47,1.51
05/17/1999,0.40,0.00,0.38,0.23,0.47,1.48
05/24/1999,0.35,0.00,0.40,0.21,0.47,1.42
05/31/1999,0.35,0.00,0.41,0.15,0.46,1.37
06/07/1999,0.38,0.00,0.40,0.11,0.46,1.35
06/14/1999,0.39,0.00,0.47,0.02,0.46,1.34
06/21/1999,0.37,0.00,0.46,0.05,0.46,1.34
06/28/1999,0.38,0.00,0.45,0.05,0.46,1.34
07/05/1999,0.42,0.00,0.48,-0.03,0.46,1.33
07/12/1999,0.42,0.00,0.54,-0.04,0.46,1.38
07/19/1999,0.41,0.00,0.69,-0.11,0.47,1.46
07/26/1999,0.45,0.00,0.57,-0.02,0.47,1.48
08/02/1999,0.46,0.00,0.68,-0.12,0.47,1.50
08/09/1999,0.47,0.00,0.61,-0.03,0.47,1.53
08/16/1999,0.49,0.00,0.52,0.06,0.47,1.53
08/23/1999,0.48,0.00,0.48,0.08,0.47,1.52
08/30/1999,0.50,0.00,0.37,0.16,0.47,1.50
09/06/1999,0.52,0.00,0.32,0.15,0.47,1.46
09/13/1999,0.55,0.00,0.27,0.15,0.47,1.45
09/20/1999,0.56,0.00,0.25,0.16,0.47,1.42
09/27/1999,0.57,0.00,0.24,0.12,0.46,1.39
10/04/1999,0.55,0.00,0.30,0.08,0.46,1.38
10/11/1999,0.48,0.00,0.33,0.12,0.46,1.39
10/18/1999,0.51,0.00,0.27,0.14,0.46,1.38
10/25/1999,0.53,0.00,0.24,0.14,0.46,1.37
11/01/1999,0.51,0.00,0.26,0.11,0.46,1.34
11/08/1999,0.50,0.00,0.33,0.04,0.46,1.33
11/15/1999,0.57,0.00,0.26,0.05,0.46,1.35
11/22/1999,0.61,0.00,0.20,0.10,0.46,1.37
11/29/1999,0.59,0.00,0.23,0.10,0.46,1.37
12/06/1999,0.60,0.00,0.20,0.12,0.46,1.39
12/13/1999,0.56,0.00,0.22,0.13,0.46,1.38
12/20/1999,0.60,0.00,0.19,0.11,0.46,1.37
12/27/1999,0.59,0.00,0.21,0.11,0.46,1.36
01/03/2000,0.58,0.00,0.24,0.08,0.46,1.36
01/10/2000,0.59,0.00,0.21,0.10,0.46,1.35
01/17/2000,0.62,0.00,0.17,0.09,0.46,1.35
01/24/2000,0.66,0.00,0.18,0.05,0.46,1.35
01/31/2000,0.62,0.00,0.21,0.09,0.46,1.38
02/07/2000,0.62,0.00,0.24,0.06,0.46,1.38
02/14/2000,0.68,0.00,0.22,0.04,0.46,1.40
02/21/2000,0.66,0.00,0.33,-0.02,0.47,1.44
02/28/2000,0.68,0.00,0.43,-0.07,0.47,1.52
03/06/2000,0.71,0.00,0.50,-0.06,0.48,1.63
03/13/2000,0.72,0.00,0.61,-0.07,0.49,1.74
03/20/2000,0.62,0.00,0.64,0.04,0.49,1.79
03/27/2000,0.62,0.00,0.47,0.20,0.49,1.79
04/03/2000,0.59,0.00,0.45,0.25,0.49,1.77
04/10/2000,0.55,0.00,0.40,0.31,0.49,1.75
04/17/2000,0.57,0.00,0.32,0.35,0.49,1.73
04/24/2000,0.58,0.00,0.34,0.29,0.49,1.70
05/01/2000,0.58,0.00,0.41,0.21,0.48,1.67
05/15/2000,0.67,0.00,0.32,0.16,0.48,1.63
05/22/2000,0.64,0.00,0.39,0.10,0.48,1.61
05/29/2000,0.67,0.00,0.37,0.09,0.48,1.61
06/05/2000,0.65,0.00,0.42,0.07,0.48,1.61
06/12/2000,0.70,0.00,0.36,0.08,0.48,1.61
06/19/2000,0.70,0.00,0.38,0.06,0.48,1.62
06/26/2000,0.77,0.00,0.39,-0.01,0.48,1.64
07/03/2000,0.68,0.00,0.58,-0.04,0.49,1.71
07/10/2000,0.66,0.00,0.56,0.03,0.49,1.73
07/17/2000,0.69,0.00,0.44,0.11,0.49,1.72
07/24/2000,0.62,0.00,0.47,0.14,0.49,1.71
07/31/2000,0.60,0.00,0.48,0.12,0.48,1.68
08/07/2000,0.64,0.00,0.51,0.04,0.48,1.67
08/14/2000,0.72,0.00,0.54,-0.07,0.48,1.67
08/21/2000,0.72,0.00,0.50,-0.03,0.48,1.67
08/28/2000,0.74,0.00,0.56,-0.09,0.49,1.70
09/11/2000,0.80,0.00,0.62,-0.07,0.50,1.85
09/18/2000,0.84,0.00,0.43,0.06,0.50,1.83
09/25/2000,0.70,0.00,0.58,0.06,0.50,1.83
10/02/2000,0.73,0.00,0.52,0.09,0.50,1.83
10/09/2000,0.72,0.00,0.46,0.15,0.50,1.83
10/16/2000,0.75,0.00,0.51,0.06,0.49,1.81
10/23/2000,0.77,0.00,0.49,0.05,0.49,1.80
10/30/2000,0.75,0.00,0.56,-0.01,0.49,1.80
11/06/2000,0.74,0.00,0.60,-0.05,0.49,1.79
11/13/2000,0.78,0.00,0.37,0.13,0.49,1.78
11/20/2000,0.81,0.00,0.29,0.17,0.49,1.75
11/27/2000,0.80,0.00,0.29,0.16,0.49,1.74
12/04/2000,0.67,0.00,0.38,0.18,0.49,1.72
12/11/2000,0.59,0.00,0.33,0.29,0.49,1.69
12/18/2000,0.59,0.00,0.34,0.26,0.48,1.66
12/26/2000,0.50,0.00,0.44,0.23,0.48,1.65
01/02/2001,0.51,0.00,0.48,0.16,0.48,1.63
01/08/2001,0.52,0.00,0.48,0.15,0.48,1.63
01/16/2001,0.60,0.00,0.32,0.20,0.48,1.60
01/22/2001,0.65,0.00,0.32,0.14,0.48,1.58
01/29/2001,0.59,0.00,0.38,0.12,0.48,1.57
02/05/2001,0.64,0.00,0.40,0.07,0.48,1.59
02/12/2001,0.65,0.00,0.49,0.03,0.48,1.64
02/19/2001,0.61,0.00,0.52,0.04,0.48,1.66
02/26/2001,0.60,0.00,0.60,-0.02,0.48,1.66
03/01/2001,0.62,0.00,0.58,-0.01,0.49,1.70
03/12/2001,0.54,0.00,0.66,0.02,0.49,1.70
03/19/2001,0.56,0.00,0.60,0.05,0.49,1.70
03/26/2001,0.59,0.00,0.63,-0.03,0.48,1.68
04/02/2001,0.55,0.00,0.74,-0.07,0.49,1.72
04/09/2001,0.61,0.00,0.77,-0.12,0.49,1.75
04/16/2001,0.64,0.00,0.76,-0.10,0.49,1.80
04/23/2001,0.60,0.00,0.76,-0.03,0.50,1.83
04/30/2001,0.63,0.00,0.74,-0.01,0.50,1.87
05/07/2001,0.62,0.00,0.71,0.11,0.50,1.94
05/14/2001,0.64,0.00,0.62,0.20,0.50,1.95
05/21/2001,0.64,0.00,0.62,0.20,0.50,1.95
05/28/2001,0.64,0.00,0.56,0.25,0.50,1.95
06/04/2001,0.63,0.00,0.56,0.25,0.50,1.93
06/11/2001,0.65,0.00,0.41,0.39,0.50,1.95
06/18/2001,0.62,0.00,0.44,0.38,0.50,1.93
06/25/2001,0.60,0.00,0.38,0.42,0.50,1.90
07/02/2001,0.58,0.00,0.33,0.45,0.50,1.86
07/09/2001,0.62,0.00,0.25,0.46,0.50,1.82
07/16/2001,0.57,0.00,0.21,0.50,0.49,1.78
07/23/2001,0.57,0.00,0.15,0.51,0.49,1.72
07/30/2001,0.57,0.00,0.26,0.36,0.48,1.67
08/06/2001,0.58,0.00,0.27,0.29,0.48,1.62
08/13/2001,0.59,0.00,0.30,0.20,0.48,1.56
08/20/2001,0.57,0.00,0.39,0.10,0.47,1.52
09/03/2001,0.57,0.00,0.71,-0.12,0.48,1.64
09/10/2001,0.59,0.00,0.56,0.05,0.48,1.68
09/17/2001,0.61,0.00,0.56,0.01,0.48,1.67
09/24/2001,0.44,0.00,0.58,0.16,0.48,1.66
10/01/2001,0.49,0.00,0.41,0.24,0.48,1.62
10/08/2001,0.47,0.00,0.41,0.22,0.48,1.58
10/15/2001,0.47,0.00,0.37,0.24,0.47,1.55
10/22/2001,0.46,0.00,0.44,0.14,0.47,1.51
10/26/2001,0.47,0.00,0.44,0.09,0.47,1.47
11/05/2001,0.42,0.00,0.40,0.14,0.47,1.42
11/12/2001,0.45,0.00,0.29,0.18,0.46,1.38
11/19/2001,0.37,0.00,0.27,0.24,0.46,1.34
11/26/2001,0.39,0.00,0.24,0.21,0.46,1.29
12/03/2001,0.42,0.00,0.19,0.18,0.45,1.24
12/10/2001,0.38,0.00,0.19,0.18,0.45,1.20
12/17/2001,0.39,0.00,0.21,0.10,0.44,1.14
12/24/2001,0.44,0.00,0.23,0.00,0.44,1.11
12/31/2001,0.41,0.00,0.30,-0.06,0.44,1.10
01/07/2002,0.45,0.00,0.26,-0.03,0.44,1.13
01/14/2002,0.40,0.00,0.24,0.09,0.45,1.18
01/21/2002,0.39,0.00,0.25,0.11,0.45,1.21
01/28/2002,0.43,0.00,0.32,0.03,0.45,1.22
02/04/2002,0.43,0.00,0.32,0.05,0.45,1.25
02/11/2002,0.48,0.00,0.27,0.05,0.45,1.25
02/19/2002,0.46,0.00,0.32,0.06,0.46,1.29
02/25/2002,0.45,0.00,0.32,0.07,0.46,1.30
03/04/2002,0.50,0.00,0.34,0.04,0.46,1.33
03/11/2002,0.54,0.00,0.45,-0.01,0.47,1.45
03/18/2002,0.56,0.00,0.46,0.02,0.47,1.50
03/25/2002,0.55,0.00,0.46,0.08,0.48,1.56
04/01/2002,0.61,0.00,0.39,0.12,0.48,1.59
04/08/2002,0.60,0.00,0.40,0.15,0.48,1.62
04/15/2002,0.56,0.00,0.37,0.21,0.48,1.62
04/22/2002,0.62,0.00,0.35,0.16,0.48,1.61
04/29/2002,0.63,0.00,0.33,0.17,0.48,1.61
05/06/2002,0.60,0.00,0.33,0.18,0.48,1.59
05/13/2002,0.65,0.00,0.27,0.17,0.48,1.57
05/20/2002,0.64,0.00,0.31,0.13,0.48,1.56
05/27/2002,0.57,0.00,0.39,0.12,0.48,1.55
06/03/2002,0.56,0.00,0.39,0.13,0.48,1.56
06/10/2002,0.54,0.00,0.47,0.07,0.48,1.56
06/17/2002,0.59,0.00,0.50,0.03,0.48,1.60
06/24/2002,0.60,0.00,0.40,0.14,0.48,1.62
07/01/2002,0.61,0.00,0.39,0.14,0.48,1.62
07/08/2002,0.60,0.00,0.39,0.15,0.48,1.61
07/15/2002,0.62,0.00,0.36,0.15,0.48,1.60
07/22/2002,0.61,0.00,0.36,0.15,0.48,1.59
07/29/2002,0.61,0.00,0.38,0.11,0.48,1.58
08/05/2002,0.61,0.00,0.38,0.13,0.48,1.59
08/12/2002,0.64,0.00,0.36,0.11,0.48,1.59
08/19/2002,0.69,0.00,0.33,0.09,0.48,1.58
08/26/2002,0.67,0.00,0.32,0.12,0.48,1.59
09/02/2002,0.64,0.00,0.38,0.11,0.48,1.60
09/09/2002,0.69,0.00,0.35,0.09,0.48,1.59
09/16/2002,0.68,0.00,0.33,0.09,0.48,1.58
09/23/2002,0.71,0.00,0.29,0.10,0.48,1.57
09/30/2002,0.70,0.00,0.29,0.09,0.48,1.56
10/07/2002,0.68,0.00,0.31,0.08,0.47,1.55
10/14/2002,0.68,0.00,0.32,0.07,0.47,1.53
10/21/2002,0.64,0.00,0.36,0.06,0.47,1.52
10/28/2002,0.61,0.00,0.42,0.02,0.47,1.52
11/04/2002,0.60,0.00,0.44,0.04,0.48,1.56
11/11/2002,0.58,0.00,0.43,0.10,0.48,1.59
11/18/2002,0.60,0.00,0.37,0.14,0.48,1.59
11/25/2002,0.61,0.00,0.32,0.17,0.48,1.57
12/02/2002,0.61,0.00,0.26,0.21,0.48,1.56
12/09/2002,0.61,0.00,0.23,0.23,0.47,1.54
12/16/2002,0.68,0.00,0.23,0.14,0.47,1.53
12/23/2002,0.73,0.00,0.21,0.12,0.47,1.52
12/30/2002,0.72,0.00,0.27,0.08,0.47,1.53
01/06/2003,0.73,0.00,0.24,0.12,0.48,1.58
01/13/2003,0.74,0.00,0.24,0.13,0.48,1.59
01/20/2003,0.80,0.00,0.22,0.13,0.48,1.63
01/27/2003,0.74,0.00,0.29,0.13,0.48,1.65
02/03/2003,0.76,0.00,0.33,0.11,0.48,1.68
02/10/2003,0.81,0.00,0.37,0.09,0.49,1.75
02/17/2003,0.87,0.00,0.34,0.16,0.50,1.86
02/24/2003,0.88,0.00,0.37,0.18,0.50,1.92
03/03/2003,0.85,0.00,0.52,0.14,0.51,2.01
03/10/2003,0.88,0.00,0.59,0.09,0.51,2.08
03/17/2003,0.82,0.00,0.71,0.10,0.52,2.14
03/24/2003,0.63,0.00,0.76,0.23,0.52,2.14
03/31/2003,0.69,0.00,0.64,0.28,0.52,2.13
04/07/2003,0.60,0.00,0.65,0.34,0.52,2.11
04/14/2003,0.62,0.00,0.59,0.36,0.51,2.08
04/21/2003,0.67,0.00,0.51,0.33,0.51,2.01
04/28/2003,0.54,0.00,0.59,0.34,0.51,1.98
05/05/2003,0.58,0.00,0.45,0.39,0.50,1.93
05/12/2003,0.60,0.00,0.34,0.43,0.50,1.87
05/19/2003,0.64,0.00,0.36,0.28,0.49,1.81
05/26/2003,0.66,0.00,0.37,0.25,0.49,1.76
06/02/2003,0.70,0.00,0.31,0.23,0.49,1.73
06/09/2003,0.72,0.00,0.36,0.13,0.49,1.70
06/16/2003,0.71,0.00,0.53,0.05,0.49,1.79
06/23/2003,0.71,0.00,0.53,0.07,0.49,1.80
06/30/2003,0.68,0.00,0.48,0.14,0.49,1.80
07/07/2003,0.68,0.00,0.43,0.19,0.49,1.79
07/14/2003,0.71,0.00,0.39,0.17,0.49,1.76
07/21/2003,0.72,0.00,0.35,0.17,0.49,1.73
07/28/2003,0.68,0.00,0.41,0.13,0.49,1.71
08/04/2003,0.72,0.00,0.40,0.09,0.49,1.70
08/11/2003,0.73,0.00,0.49,0.03,0.49,1.74
08/18/2003,0.70,0.00,0.80,-0.08,0.50,1.92
08/25/2003,0.72,0.00,0.81,0.06,0.52,2.10
09/01/2003,0.72,0.00,0.67,0.20,0.52,2.10
09/08/2003,0.66,0.00,0.64,0.27,0.51,2.08
09/15/2003,0.64,0.00,0.49,0.36,0.51,2.03
09/22/2003,0.62,0.00,0.43,0.43,0.51,1.98
09/29/2003,0.65,0.00,0.38,0.39,0.50,1.91
10/06/2003,0.69,0.00,0.40,0.27,0.50,1.85
10/13/2003,0.72,0.00,0.37,0.22,0.49,1.81
10/20/2003,0.68,0.00,0.36,0.24,0.49,1.79
10/27/2003,0.67,0.00,0.42,0.16,0.49,1.74
11/03/2003,0.65,0.00,0.41,0.17,0.49,1.71
11/10/2003,0.69,0.00,0.39,0.12,0.49,1.69
11/17/2003,0.71,0.00,0.41,0.08,0.48,1.68
11/24/2003,0.67,0.00,0.38,0.16,0.49,1.69
12/01/2003,0.67,0.00,0.34,0.19,0.48,1.68
12/08/2003,0.72,0.00,0.28,0.18,0.48,1.65
12/15/2003,0.76,0.00,0.23,0.16,0.48,1.62
12/22/2003,0.73,0.00,0.27,0.14,0.48,1.61
12/29/2003,0.74,0.00,0.29,0.09,0.48,1.59
01/05/2004,0.78,0.00,0.25,0.14,0.45,1.62
01/12/2004,0.80,0.00,0.24,0.19,0.45,1.67
01/19/2004,0.84,0.00,0.29,0.10,0.46,1.69
01/26/2004,0.79,0.00,0.36,0.13,0.46,1.73
02/02/2004,0.81,0.00,0.35,0.13,0.46,1.75
02/09/2004,0.76,0.00,0.46,0.14,0.46,1.82
02/16/2004,0.80,0.00,0.48,0.13,0.47,1.87
02/23/2004,0.79,0.00,0.72,0.04,0.48,2.03
03/01/2004,0.85,0.00,0.61,0.16,0.49,2.11
03/08/2004,0.84,0.00,0.57,0.21,0.49,2.11
03/15/2004,0.86,0.00,0.55,0.21,0.49,2.10
03/22/2004,0.85,0.00,0.57,0.18,0.48,2.08
03/29/2004,0.81,0.00,0.64,0.16,0.48,2.08
04/05/2004,0.79,0.00,0.75,0.10,0.49,2.13
04/12/2004,0.87,0.00,0.59,0.22,0.49,2.16
04/19/2004,0.86,0.00,0.61,0.20,0.49,2.15
04/26/2004,0.85,0.00,0.61,0.17,0.49,2.12
05/03/2004,0.88,0.00,0.69,0.05,0.49,2.11
05/10/2004,0.90,0.00,0.77,0.06,0.49,2.22
05/17/2004,0.96,0.00,0.74,0.08,0.50,2.27
05/24/2004,0.97,0.00,0.72,0.13,0.50,2.32
05/31/2004,0.99,0.00,0.64,0.20,0.50,2.33
06/07/2004,0.89,0.00,0.71,0.23,0.50,2.32
06/14/2004,0.86,0.00,0.72,0.21,0.50,2.29
06/21/2004,0.86,0.00,0.64,0.26,0.50,2.26
06/28/2004,0.83,0.00,0.75,0.17,0.50,2.24
07/05/2004,0.88,0.00,0.65,0.18,0.49,2.20
07/12/2004,0.91,0.00,0.64,0.15,0.49,2.19
07/19/2004,0.95,0.00,0.59,0.17,0.49,2.19
07/26/2004,0.96,0.00,0.51,0.20,0.49,2.16
08/02/2004,1.01,0.00,0.45,0.18,0.49,2.13
08/09/2004,1.04,0.00,0.39,0.18,0.48,2.09
08/16/2004,1.06,0.00,0.39,0.13,0.48,2.05
08/23/2004,1.06,0.00,0.42,0.10,0.48,2.05
08/30/2004,0.94,0.00,0.48,0.20,0.49,2.10
09/06/2004,0.97,0.00,0.45,0.18,0.48,2.07
09/13/2004,0.97,0.00,0.47,0.14,0.48,2.05
09/21/2004,1.03,0.00,0.47,0.09,0.48,2.06
09/27/2004,1.10,0.00,0.47,0.03,0.49,2.09
10/04/2004,1.11,0.00,0.54,0.06,0.49,2.20
10/11/2004,1.17,0.00,0.62,0.05,0.50,2.33
10/18/2004,1.18,0.00,0.58,0.14,0.51,2.40
10/25/2004,1.16,0.00,0.55,0.17,0.51,2.39
11/01/2004,1.09,0.00,0.55,0.17,0.51,2.37
11/08/2004,1.02,0.00,0.57,0.26,0.50,2.34
11/15/2004,0.98,0.00,0.58,0.26,0.50,2.31
11/22/2004,1.00,0.00,0.47,0.30,0.50,2.26
11/29/2004,1.18,0.00,0.28,0.28,0.50,2.24
12/06/2004,0.86,0.00,0.43,0.42,0.49,2.19
12/13/2004,0.81,0.00,0.34,0.51,0.49,2.14
12/20/2004,0.93,0.00,0.33,0.31,0.48,2.05
12/27/2004,0.82,0.00,0.44,0.27,0.48,2.01
01/03/2005,0.84,0.00,0.42,0.22,0.51,1.98
01/10/2005,0.93,0.00,0.35,0.15,0.50,1.93
01/17/2005,1.04,0.00,0.29,0.10,0.50,1.93
01/24/2005,1.03,0.00,0.39,0.03,0.51,1.96
01/31/2005,1.04,0.00,0.40,0.08,0.51,2.03
02/07/2005,1.00,0.00,0.46,0.09,0.51,2.05
02/14/2005,1.02,0.00,0.51,0.06,0.51,2.09
02/21/2005,1.12,0.00,0.42,0.09,0.52,2.15
02/28/2005,1.12,0.00,0.47,0.44,0.52,2.18
03/07/2005,1.19,0.00,0.45,0.06,0.53,2.23
03/14/2005,1.21,0.00,0.46,0.09,0.53,2.29
03/21/2005,1.26,0.00,0.46,0.07,0.53,2.31
03/28/2005,1.21,0.00,0.59,0.05,0.54,2.38
04/04/2005,1.28,0.00,0.69,-0.05,0.54,2.46
04/11/2005,1.20,0.00,0.73,0.12,0.55,2.59
04/18/2005,1.12,0.00,0.77,0.15,0.55,2.58
04/25/2005,1.22,0.00,0.66,0.14,0.55,2.57
05/02/2005,1.14,0.00,0.62,0.25,0.55,2.56
05/09/2005,1.17,0.00,0.53,0.27,0.55,2.52
05/16/2005,1.08,0.00,0.50,0.35,0.54,2.47
05/23/2005,1.12,0.00,0.46,0.32,0.54,2.43
05/30/2005,1.17,0.00,0.42,0.26,0.54,2.39
06/06/2005,1.31,0.00,0.35,0.18,0.53,2.36
06/13/2005,1.26,0.00,0.40,0.14,0.53,2.33
06/20/2005,1.35,0.00,0.40,0.07,0.53,2.35
06/27/2005,1.38,0.00,0.46,0.04,0.54,2.41
07/04/2005,1.34,0.00,0.51,0.08,0.54,2.46
07/11/2005,1.35,0.00,0.54,0.09,0.55,2.53
07/18/2005,1.32,0.00,0.50,0.17,0.55,2.54
07/25/2005,1.31,0.00,0.56,0.13,0.55,2.54
08/01/2005,1.42,0.00,0.50,0.08,0.55,2.55
08/08/2005,1.47,0.00,0.58,0.00,0.55,2.60
08/15/2005,1.51,0.00,0.60,0.05,0.56,2.72
08/22/2005,1.49,0.00,0.58,0.12,0.56,2.75
08/29/2005,1.53,0.00,0.74,-0.07,0.57,2.77
09/05/2005,1.54,0.00,0.96,-0.03,0.59,3.06
09/12/2005,1.46,0.00,0.77,0.19,0.58,3.00
09/19/2005,1.56,0.00,0.65,0.16,0.58,2.95
09/26/2005,1.52,0.00,0.73,0.12,0.58,2.95
10/03/2005,1.51,0.00,0.85,0.04,0.58,2.97
10/10/2005,1.43,0.00,0.67,0.29,0.58,2.96
10/17/2005,1.49,0.00,0.50,0.35,0.57,2.90
10/24/2005,1.41,0.00,0.46,0.40,0.57,2.83
10/31/2005,1.38,0.00,0.46,0.35,0.56,2.75
11/07/2005,1.35,0.00,0.38,0.37,0.56,2.66
11/14/2005,1.32,0.00,0.34,0.37,0.55,2.58
11/21/2005,1.32,0.00,0.34,0.26,0.54,2.45
11/28/2005,1.32,0.00,0.34,0.21,0.54,2.41
12/05/2005,1.32,0.00,0.26,0.18,0.53,2.34
12/12/2005,1.41,0.00,0.23,0.11,0.53,2.27
12/19/2005,1.31,0.00,0.34,0.06,0.53,2.25
12/26/2005,1.33,0.00,0.34,0.03,0.53,2.23
01/02/2006,1.43,0.01,0.35,-0.09,0.52,2.21
01/09/2006,1.45,0.01,0.41,-0.06,0.53,2.33
01/16/2006,1.51,0.01,0.29,0.07,0.54,2.42
01/23/2006,1.58,0.01,0.36,-0.06,0.54,2.42
01/30/2006,1.56,0.01,0.42,0.03,0.55,2.51
02/06/2006,1.50,0.01,0.48,0.02,0.55,2.54
02/13/2006,1.40,0.01,0.39,0.18,0.55,2.52
02/20/2006,1.40,0.01,0.48,0.05,0.54,2.47
02/27/2006,1.40,0.01,0.48,0.03,0.54,2.44
03/06/2006,1.43,0.01,0.51,0.00,0.54,2.48
03/13/2006,1.42,0.01,0.52,0.05,0.55,2.53
03/20/2006,1.39,0.01,0.65,0.03,0.56,2.64
03/27/2006,1.48,0.01,0.59,0.04,0.56,2.67
04/03/2006,1.54,0.01,0.61,0.04,0.56,2.74
04/10/2006,1.59,0.01,0.65,-0.01,0.57,2.81
04/17/2006,1.63,0.01,0.73,-0.04,0.57,2.90
04/24/2006,1.65,0.01,0.87,-0.04,0.59,3.07
05/01/2006,1.71,0.01,0.94,-0.05,0.60,3.20
05/08/2006,1.62,0.01,1.11,-0.01,0.61,3.33
05/15/2006,1.61,0.01,1.11,-0.01,0.61,3.33
05/22/2006,1.61,0.01,0.95,0.09,0.60,3.25
05/29/2006,1.68,0.01,0.90,0.09,0.60,3.27
06/05/2006,1.69,0.01,0.89,0.08,0.60,3.27
06/12/2006,1.64,0.01,0.82,0.15,0.60,3.23
06/19/2006,1.61,0.01,0.78,0.20,0.60,3.20
06/26/2006,1.68,0.01,0.76,0.12,0.59,3.16
07/03/2006,1.73,0.01,0.82,0.02,0.60,3.19
07/10/2006,1.72,0.01,0.85,0.04,0.60,3.21
07/17/2006,1.76,0.01,0.79,0.08,0.60,3.24
07/24/2006,1.75,0.01,0.76,0.10,0.60,3.22
07/31/2006,1.74,0.01,0.74,0.11,0.60,3.20
08/07/2006,1.80,0.01,0.67,0.11,0.60,3.19
08/14/2006,1.72,0.01,0.70,0.18,0.60,3.21
08/21/2006,1.69,0.01,0.61,0.26,0.59,3.16
08/28/2006,1.65,0.01,0.57,0.28,0.59,3.10
09/04/2006,1.60,0.01,0.54,0.28,0.58,3.01
09/11/2006,1.53,0.01,0.47,0.36,0.58,2.95
09/18/2006,1.49,0.01,0.42,0.36,0.57,2.85
09/25/2006,1.41,0.01,0.44,0.33,0.56,2.76
10/02/2006,1.42,0.01,0.44,0.25,0.56,2.68
10/09/2006,1.30,0.01,0.53,0.21,0.55,2.60
10/16/2006,1.29,0.01,0.51,0.18,0.55,2.54
10/23/2006,1.25,0.01,0.49,0.19,0.54,2.48
10/30/2006,1.27,0.01,0.49,0.12,0.54,2.43
11/06/2006,1.32,0.01,0.53,-0.01,0.54,2.40
11/13/2006,1.28,0.01,0.59,0.04,0.54,2.46
11/20/2006,1.23,0.01,0.66,0.05,0.54,2.50
11/27/2006,1.32,0.01,0.55,0.07,0.54,2.49
12/04/2006,1.37,0.01,0.52,0.06,0.54,2.50
12/11/2006,1.37,0.01,0.54,0.03,0.55,2.50
12/18/2006,1.39,0.01,0.53,0.07,0.55,2.56
12/25/2006,1.40,0.01,0.52,0.13,0.55,2.61
01/01/2007,1.32,0.01,0.62,0.11,0.55,2.61
01/08/2007,1.27,0.01,0.59,0.21,0.55,2.63
01/15/2007,1.15,0.01,0.66,0.21,0.55,2.58
01/22/2007,1.19,0.01,0.51,0.28,0.55,2.54
01/29/2007,1.22,0.01,0.64,0.08,0.54,2.49
02/05/2007,1.35,0.01,0.59,0.03,0.55,2.54
02/12/2007,1.32,0.01,0.77,-0.03,0.55,2.63
02/19/2007,1.36,0.01,0.71,0.06,0.56,2.71
02/26/2007,1.41,0.01,0.79,0.01,0.57,2.80
03/05/2007,1.38,0.01,0.91,0.03,0.57,2.90
03/12/2007,1.36,0.01,1.10,0.01,0.59,3.07
03/19/2007,1.32,0.01,1.10,0.06,0.59,3.08
03/26/2007,1.47,0.01,1.04,0.03,0.59,3.15
04/02/2007,1.55,0.01,1.02,0.04,0.60,3.23
04/09/2007,1.44,0.01,1.08,0.12,0.60,3.25
04/16/2007,1.52,0.01,1.17,0.00,0.60,3.31
04/23/2007,1.56,0.01,1.03,0.11,0.61,3.32
04/30/2007,1.59,0.01,1.14,0.01,0.61,3.36
05/07/2007,1.50,0.01,1.21,0.11,0.62,3.46
05/14/2007,1.52,0.01,1.12,0.18,0.62,3.45
05/21/2007,1.61,0.01,1.02,0.18,0.61,3.44
05/28/2007,1.58,0.01,1.00,0.20,0.61,3.41
06/04/2007,1.61,0.01,0.83,0.31,0.61,3.37
06/11/2007,1.61,0.01,0.71,0.37,0.61,3.32
06/18/2007,1.68,0.01,0.72,0.23,0.60,3.24
06/25/2007,1.69,0.01,0.77,0.12,0.60,3.19
07/02/2007,1.73,0.01,0.82,0.02,0.60,3.19
07/09/2007,1.76,0.01,0.69,0.08,0.59,3.14
07/16/2007,1.81,0.01,0.59,0.16,0.59,3.16
07/23/2007,1.82,0.01,0.49,0.20,0.59,3.12
07/30/2007,1.87,0.01,0.36,0.22,0.59,3.06
08/06/2007,1.76,0.01,0.39,0.27,0.58,3.02
08/13/2007,1.74,0.01,0.35,0.25,0.58,2.93
08/20/2007,1.73,0.01,0.38,0.16,0.57,2.86
08/27/2007,1.75,0.01,0.33,0.12,0.57,2.79
09/03/2007,1.80,0.01,0.32,0.08,0.57,2.79
09/10/2007,1.86,0.01,0.31,0.09,0.57,2.84
09/17/2007,1.91,0.01,0.33,0.07,0.58,2.90
09/24/2007,1.96,0.01,0.34,0.07,0.58,2.96
10/01/2007,1.89,0.01,0.42,0.07,0.58,2.97
10/08/2007,1.86,0.01,0.48,0.06,0.58,3.00
10/15/2007,2.03,0.01,0.41,0.01,0.59,3.05
10/22/2007,2.05,0.01,0.40,0.09,0.59,3.14
10/29/2007,2.20,0.01,0.33,0.02,0.59,3.16
11/05/2007,2.20,0.01,0.44,-0.02,0.60,3.23
11/12/2007,2.22,0.01,0.45,0.08,0.61,3.37
11/19/2007,2.21,0.01,0.39,0.17,0.61,3.40
11/26/2007,2.28,0.01,0.31,0.19,0.61,3.40
12/03/2007,2.07,0.01,0.36,0.31,0.61,3.36
12/10/2007,2.01,0.01,0.41,0.29,0.61,3.33
12/17/2007,2.09,0.01,0.39,0.19,0.60,3.29
12/24/2007,2.16,0.01,0.37,0.12,0.60,3.26
12/31/2007,2.23,0.01,0.35,0.10,0.60,3.30
01/07/2008,2.22,0.01,0.37,0.12,0.61,3.33
01/14/2008,2.20,0.01,0.21,0.26,0.60,3.29
01/21/2008,2.12,0.01,0.17,0.32,0.60,3.23
01/28/2008,2.13,0.01,0.22,0.19,0.59,3.15
02/04/2008,2.10,0.01,0.36,0.04,0.59,3.11
02/11/2008,2.18,0.01,0.28,0.04,0.59,3.11
02/18/2008,2.25,0.01,0.31,0.03,0.60,3.19
02/25/2008,2.35,0.01,0.37,-0.02,0.61,3.33
03/03/2008,2.44,0.01,0.34,0.05,0.62,3.46
03/10/2008,2.57,0.01,0.26,0.08,0.62,3.54
03/17/2008,2.51,0.01,0.29,0.16,0.62,3.60
03/24/2008,2.40,0.01,0.44,0.11,0.63,3.60
03/31/2008,2.42,0.01,0.49,0.05,0.63,3.61
04/07/2008,2.60,0.01,0.41,0.03,0.63,3.69
04/14/2008,2.66,0.01,0.39,0.07,0.64,3.77
04/21/2008,2.80,0.01,0.31,0.08,0.64,3.85
04/28/2008,2.83,0.01,0.33,0.08,0.65,3.89
05/05/2008,2.86,0.01,0.26,0.11,0.65,3.90
05/12/2008,2.96,0.01,0.25,0.05,0.65,3.92
05/19/2008,3.03,0.01,0.24,0.02,0.65,3.95
05/26/2008,3.15,0.01,0.32,-0.05,0.66,4.10
06/02/2008,3.04,0.01,0.64,-0.12,0.67,4.24
06/09/2008,3.20,0.01,0.61,-0.09,0.69,4.43
06/16/2008,3.21,0.01,0.57,0.09,0.70,4.59
06/23/2008,3.22,0.01,0.50,0.16,0.70,4.59
06/30/2008,3.31,0.01,0.33,0.22,0.70,4.57
07/07/2008,3.37,0.01,0.25,0.22,0.70,4.55
07/14/2008,3.44,0.01,0.18,0.20,0.69,4.52
07/21/2008,3.10,0.01,0.23,0.42,0.69,4.46
07/28/2008,2.95,0.01,0.26,0.42,0.68,4.32
08/04/2008,2.96,0.01,0.23,0.33,0.67,4.21
08/11/2008,2.71,0.01,0.51,0.21,0.67,4.12
08/18/2008,2.67,0.01,0.42,0.27,0.66,4.04
08/25/2008,2.70,0.01,0.35,0.24,0.65,3.96
09/01/2008,2.73,0.01,0.45,0.06,0.65,3.91
09/08/2008,2.53,0.01,0.49,0.18,0.65,3.86
09/15/2008,2.24,0.01,0.76,0.15,0.64,3.80
09/22/2008,2.82,0.01,-0.02,0.27,0.64,3.73
09/29/2008,2.23,0.01,0.62,0.17,0.63,3.67
10/06/2008,2.02,0.01,0.65,0.29,0.63,3.60
10/13/2008,1.86,0.01,0.71,0.26,0.62,3.47
10/20/2008,1.69,0.01,0.58,0.46,0.61,3.36
10/27/2008,1.43,0.01,0.38,0.72,0.59,3.13
11/03/2008,1.45,0.01,0.19,0.56,0.57,2.78
11/10/2008,1.40,0.01,0.15,0.44,0.55,2.56
11/17/2008,1.23,0.01,0.14,0.45,0.54,2.37
11/24/2008,1.19,0.01,-0.04,0.42,0.52,2.11
12/01/2008,1.07,0.01,0.10,0.27,0.50,1.96
12/08/2008,0.92,0.01,0.11,0.27,0.49,1.81
12/15/2008,0.92,0.01,0.29,0.02,0.49,1.74
12/22/2008,0.61,0.01,0.71,-0.02,0.49,1.81
12/29/2008,0.82,0.01,0.48,0.01,0.49,1.81
01/05/2009,1.03,0.01,0.47,-0.14,0.50,1.87
01/12/2009,0.76,0.01,0.70,0.00,0.51,1.99
01/19/2009,0.77,0.01,0.79,-0.02,0.51,2.06
01/26/2009,1.02,0.01,0.50,0.04,0.52,2.10
02/02/2009,0.90,0.01,0.69,-0.02,0.52,2.11
02/09/2009,0.98,0.01,0.71,-0.01,0.52,2.22
02/16/2009,0.95,0.01,0.70,0.09,0.53,2.29
02/23/2009,0.97,0.01,0.52,0.23,0.53,2.26
03/02/2009,1.04,0.01,0.53,0.08,0.52,2.19
03/09/2009,1.15,0.01,0.34,0.17,0.52,2.20
03/16/2009,1.10,0.01,0.38,0.14,0.52,2.16
03/23/2009,1.19,0.01,0.42,0.01,0.52,2.15
03/30/2009,1.04,0.01,0.59,0.07,0.53,2.25
04/06/2009,1.10,0.01,0.57,0.09,0.53,2.31
04/13/2009,1.07,0.01,0.59,0.13,0.53,2.34
04/20/2009,1.02,0.01,0.64,0.13,0.53,2.34
04/27/2009,1.16,0.01,0.53,0.11,0.53,2.34
05/04/2009,1.26,0.01,0.46,0.09,0.53,2.36
05/11/2009,1.36,0.01,0.45,0.07,0.54,2.42
05/18/2009,1.38,0.01,0.53,0.05,0.55,2.52
05/25/2009,1.42,0.01,0.56,0.08,0.56,2.64
06/01/2009,1.63,0.01,0.49,0.06,0.56,2.76
06/08/2009,1.62,0.01,0.57,0.11,0.57,2.89
06/15/2009,1.67,0.01,0.57,0.14,0.58,2.98
06/22/2009,1.59,0.01,0.53,0.30,0.58,3.01
06/29/2009,1.71,0.01,0.40,0.28,0.58,2.98
07/06/2009,1.53,0.01,0.48,0.34,0.58,2.95
07/13/2009,1.50,0.01,0.48,0.32,0.57,2.88
07/20/2009,1.52,0.01,0.47,0.25,0.57,2.83
07/27/2009,1.62,0.01,0.47,0.15,0.57,2.83
08/03/2009,1.70,0.01,0.55,0.06,0.57,2.90
08/10/2009,1.67,0.01,0.63,0.13,0.59,3.04
08/17/2009,1.67,0.01,0.58,0.18,0.59,3.04
08/24/2009,1.77,0.01,0.44,0.22,0.58,3.03
08/31/2009,1.68,0.01,0.60,0.16,0.58,3.04
09/07/2009,1.63,0.01,0.71,0.15,0.59,3.10
09/14/2009,1.64,0.01,0.74,0.16,0.59,3.15
09/21/2009,1.66,0.01,0.54,0.33,0.59,3.14
09/28/2009,1.69,0.01,0.45,0.35,0.59,3.10
10/05/2009,1.71,0.01,0.41,0.34,0.59,3.07
10/12/2009,1.74,0.01,0.37,0.31,0.58,3.02
10/19/2009,1.76,0.01,0.40,0.23,0.58,2.99
10/26/2009,1.78,0.01,0.40,0.18,0.61,2.99
11/02/2009,1.81,0.01,0.30,0.25,0.61,2.99
11/09/2009,1.83,0.01,0.23,0.29,0.61,2.98
11/16/2009,1.86,0.01,0.22,0.27,0.60,2.96
11/23/2009,1.79,0.01,0.31,0.23,0.60,2.94
11/30/2009,1.80,0.01,0.31,0.19,0.60,2.92
12/07/2009,1.74,0.01,0.36,0.20,0.60,2.91
12/14/2009,1.64,0.01,0.51,0.14,0.60,2.90
12/21/2009,1.71,0.01,0.45,0.15,0.60,2.91
12/28/2009,1.91,0.01,0.29,0.12,0.60,2.93
01/04/2010,1.97,0.02,0.29,0.11,0.61,2.99
01/11/2010,2.00,0.02,0.25,0.16,0.61,3.05
01/18/2010,1.92,0.02,0.22,0.25,0.61,3.03
01/25/2010,1.78,0.02,0.37,0.23,0.61,3.01
02/01/2010,1.80,0.02,0.31,0.23,0.61,2.98
02/08/2010,1.71,0.02,0.38,0.25,0.60,2.96
02/15/2010,1.77,0.02,0.30,0.24,0.60,2.93
02/22/2010,1.91,0.02,0.29,0.10,0.60,2.92
03/01/2010,1.86,0.02,0.40,0.11,0.61,3.00
03/08/2010,1.91,0.02,0.38,0.12,0.61,3.05
03/15/2010,1.86,0.02,0.40,0.17,0.61,3.06
03/22/2010,1.89,0.02,0.41,0.15,0.62,3.09
03/29/2010,1.88,0.02,0.39,0.19,0.61,3.09
04/05/2010,1.79,0.02,0.52,0.15,0.61,3.09
04/12/2010,1.93,0.02,0.34,0.18,0.62,3.10
04/19/2010,1.86,0.02,0.41,0.18,0.62,3.09
04/26/2010,1.96,0.02,0.38,0.12,0.61,3.09
05/03/2010,2.03,0.02,0.35,0.10,0.62,3.12
05/10/2010,1.80,0.02,0.46,0.24,0.62,3.14
05/17/2010,1.64,0.02,0.57,0.27,0.62,3.12
05/24/2010,1.66,0.02,0.43,0.32,0.61,3.05
05/31/2010,1.72,0.02,0.49,0.18,0.61,3.02
06/07/2010,1.69,0.02,0.58,0.16,0.61,3.07
06/14/2010,1.78,0.02,0.48,0.16,0.61,3.05
06/21/2010,1.86,0.02,0.48,0.11,0.62,3.10
06/28/2010,1.87,0.02,0.51,0.10,0.62,3.13
07/05/2010,1.72,0.02,0.53,0.22,0.63,3.12
07/12/2010,1.79,0.02,0.52,0.16,0.63,3.11
07/19/2010,1.83,0.02,0.49,0.16,0.63,3.13
07/26/2010,1.86,0.02,0.49,0.14,0.63,3.13
08/02/2010,1.92,0.02,0.42,0.14,0.62,3.13
08/09/2010,1.92,0.02,0.46,0.15,0.62,3.17
08/16/2010,1.77,0.02,0.50,0.25,0.63,3.17
08/23/2010,1.71,0.02,0.50,0.28,0.63,3.14
08/30/2010,1.75,0.02,0.45,0.25,0.62,3.09
09/06/2010,1.74,0.02,0.43,0.23,0.62,3.04
09/13/2010,1.80,0.02,0.39,0.19,0.62,3.03
09/20/2010,1.78,0.02,0.41,0.17,0.62,3.01
09/27/2010,1.83,0.02,0.35,0.17,0.63,3.00
10/04/2010,1.94,0.02,0.34,0.09,0.62,3.01
10/11/2010,1.96,0.02,0.40,0.09,0.62,3.09
10/18/2010,1.98,0.02,0.41,0.12,0.62,3.15
10/25/2010,1.96,0.02,0.38,0.15,0.63,3.14
11/01/2010,1.96,0.02,0.39,0.15,0.62,3.15
11/08/2010,2.06,0.02,0.31,0.14,0.62,3.14
11/15/2010,2.01,0.02,0.36,0.16,0.62,3.18
11/22/2010,1.92,0.02,0.39,0.21,0.63,3.17
11/29/2010,2.03,0.02,0.31,0.17,0.62,3.15
12/06/2010,2.12,0.02,0.34,0.10,0.63,3.22
12/13/2010,2.12,0.02,0.34,0.15,0.63,3.25
12/20/2010,2.13,0.02,0.30,0.17,0.63,3.25
12/27/2010,2.20,0.02,0.31,0.13,0.63,3.29
01/03/2011,2.21,0.02,0.32,0.13,0.63,3.31
01/10/2011,2.18,0.02,0.36,0.14,0.64,3.33
01/17/2011,2.24,0.02,0.28,0.18,0.64,3.35
01/24/2011,2.12,0.02,0.42,0.17,0.64,3.36
01/31/2011,2.30,0.02,0.27,0.14,0.64,3.36
02/07/2011,2.20,0.02,0.41,0.13,0.64,3.40
02/14/2011,2.15,0.02,0.57,0.07,0.64,3.45
02/21/2011,2.36,0.02,0.44,0.10,0.64,3.56
02/28/2011,2.60,0.02,0.41,0.04,0.65,3.72
03/07/2011,2.80,0.02,0.31,0.10,0.65,3.87
03/14/2011,2.70,0.02,0.44,0.14,0.65,3.95
03/21/2011,2.73,0.02,0.41,0.15,0.66,3.97
03/28/2011,2.77,0.02,0.46,0.12,0.66,4.03
04/04/2011,2.83,0.02,0.47,0.09,0.66,4.06
04/11/2011,2.87,0.02,0.49,0.12,0.66,4.16
04/18/2011,2.79,0.02,0.57,0.16,0.66,4.21
04/25/2011,2.91,0.02,0.47,0.16,0.66,4.22
05/03/2011,2.98,0.02,0.47,0.13,0.66,4.26
05/09/2011,2.73,0.02,0.56,0.28,0.66,4.25
05/16/2011,2.61,0.02,0.52,0.41,0.66,4.22
05/23/2011,2.61,0.02,0.46,0.38,0.65,4.12
05/30/2011,2.74,0.02,0.36,0.29,0.65,4.06
06/06/2011,2.65,0.02,0.37,0.30,0.66,3.99
06/13/2011,2.65,0.02,0.38,0.25,0.64,3.94
06/20/2011,2.58,0.02,0.41,0.24,0.65,3.90
06/27/2011,2.47,0.02,0.40,0.30,0.65,3.84
07/04/2011,2.63,0.02,0.32,0.18,0.65,3.79
07/11/2011,2.64,0.02,0.36,0.11,0.65,3.78
07/18/2011,2.66,0.02,0.36,0.14,0.62,3.80
07/25/2011,2.79,0.02,0.21,0.18,0.62,3.82
08/01/2011,2.69,0.02,0.30,0.18,0.62,3.81
08/08/2011,2.42,0.02,0.42,0.32,0.62,3.80
08/15/2011,2.57,0.02,0.27,0.26,0.62,3.73
08/22/2011,2.49,0.02,0.46,0.14,0.62,3.73
08/29/2011,2.59,0.02,0.53,0.04,0.62,3.81
09/05/2011,2.66,0.02,0.53,0.11,0.63,3.94
09/12/2011,2.78,0.02,0.29,0.22,0.63,3.94
09/19/2011,2.72,0.02,0.32,0.23,0.63,3.92
09/26/2011,2.59,0.02,0.32,0.32,0.63,3.89
10/03/2011,2.43,0.02,0.45,0.32,0.62,3.84
10/10/2011,2.62,0.02,0.44,0.12,0.62,3.82
10/17/2011,2.64,0.02,0.47,0.10,0.63,3.86
10/24/2011,2.74,0.02,0.19,0.28,0.62,3.86
10/31/2011,2.68,0.02,0.34,0.18,0.62,3.85
11/07/2011,2.74,0.02,0.29,0.19,0.62,3.86
11/14/2011,2.77,0.02,0.08,0.35,0.62,3.84
11/21/2011,2.69,0.02,0.07,0.39,0.62,3.79
11/28/2011,2.73,0.02,0.00,0.35,0.62,3.72
12/05/2011,2.67,0.02,0.07,0.28,0.62,3.66
12/12/2011,2.52,0.02,0.18,0.16,0.62,3.50
12/19/2011,2.41,0.02,0.25,0.25,0.62,3.56
12/26/2011,2.55,0.02,0.30,0.08,0.62,3.58
01/02/2012,2.62,0.02,0.23,0.14,0.62,3.64
01/09/2012,2.64,0.02,0.21,0.22,0.62,3.71
01/16/2012,2.65,0.02,0.20,0.21,0.62,3.70
01/23/2012,2.67,0.02,0.19,0.21,0.62,3.71
01/30/2012,2.67,0.02,0.25,0.18,0.62,3.74
02/06/2012,2.71,0.02,0.24,0.17,0.62,3.76
02/13/2012,2.84,0.02,0.24,0.11,0.62,3.84
02/20/2012,2.90,0.02,0.34,0.15,0.63,4.04
02/27/2012,3.03,0.02,0.48,0.13,0.63,4.29
03/05/2012,2.94,0.02,0.51,0.26,0.64,4.36
03/12/2012,2.92,0.02,0.52,0.27,0.64,4.38
03/19/2012,2.92,0.02,0.46,0.32,0.64,4.36
03/26/2012,2.92,0.02,0.46,0.32,0.64,4.36
04/02/2012,2.91,0.02,0.38,0.37,0.64,4.32
04/09/2012,2.86,0.02,0.40,0.37,0.63,4.28
04/16/2012,2.87,0.02,0.44,0.28,0.63,4.24
04/23/2012,2.87,0.02,0.36,0.32,0.63,4.20
04/30/2012,2.85,0.02,0.44,0.25,0.63,4.19
05/07/2012,2.67,0.02,0.67,0.22,0.63,4.21
05/14/2012,2.64,0.02,0.89,0.18,0.64,4.37
05/21/2012,2.59,0.02,0.69,0.40,0.64,4.34
05/28/2012,2.55,0.02,0.77,0.34,0.63,4.31
06/04/2012,2.38,0.02,0.69,0.53,0.63,4.26
06/11/2012,2.36,0.02,0.58,0.58,0.63,4.16
06/18/2012,2.37,0.02,0.44,0.56,0.63,4.03
06/25/2012,2.23,0.02,0.47,0.53,0.63,3.89
07/02/2012,2.36,0.02,0.38,0.39,0.62,3.77
07/09/2012,2.42,0.02,0.30,0.37,0.62,3.73
07/16/2012,2.48,0.02,0.41,0.22,0.62,3.75
07/23/2012,2.47,0.02,0.47,0.23,0.62,3.81
07/30/2012,2.53,0.02,0.43,0.20,0.62,3.80
08/06/2012,2.60,0.02,0.41,0.21,0.63,3.87
08/13/2012,2.61,0.02,0.65,0.18,0.63,4.10
08/20/2012,2.67,0.02,0.53,0.28,0.63,4.13
08/27/2012,2.67,0.02,0.61,0.23,0.63,4.16
09/03/2012,2.70,0.02,0.60,0.23,0.63,4.18
09/10/2012,2.72,0.02,0.53,0.28,0.63,4.18
09/17/2012,2.72,0.02,0.50,0.29,0.63,4.16
09/24/2012,2.60,0.02,0.64,0.27,0.63,4.15
10/01/2012,2.63,0.02,0.85,0.05,0.63,4.18
10/08/2012,2.56,0.02,1.23,0.21,0.64,4.66
10/15/2012,2.59,0.02,0.88,0.49,0.64,4.62
10/22/2012,2.53,0.02,0.47,0.78,0.64,4.43
10/29/2012,2.44,0.02,0.45,0.63,0.63,4.17
11/05/2012,2.44,0.02,0.38,0.53,0.63,4.00
11/12/2012,2.49,0.02,0.38,0.35,0.62,3.86
11/19/2012,2.58,0.02,0.26,0.30,0.62,3.78
11/26/2012,2.55,0.02,0.27,0.28,0.62,3.75
12/03/2012,2.60,0.02,0.14,0.31,0.62,3.70
12/10/2012,2.48,0.02,0.14,0.36,0.62,3.62
12/17/2012,2.53,0.02,0.03,0.32,0.62,3.53
12/24/2012,2.56,0.02,0.16,0.15,0.62,3.51
12/31/2012,2.61,0.02,0.14,0.17,0.62,3.55
01/07/2013,2.58,0.02,0.15,0.23,0.62,3.61
01/14/2013,2.60,0.02,0.15,0.21,0.62,3.62
01/21/2013,2.62,0.02,0.11,0.26,0.62,3.63
01/28/2013,2.64,0.02,0.29,0.10,0.63,3.68
02/04/2013,2.64,0.02,0.50,0.12,0.63,3.90
02/11/2013,2.76,0.02,0.44,0.20,0.63,4.04
02/18/2013,2.73,0.02,0.58,0.19,0.64,4.15
02/25/2013,2.66,0.02,0.66,0.24,0.64,4.21
03/04/2013,2.53,0.02,0.64,0.38,0.64,4.21
03/11/2013,2.59,0.02,0.54,0.38,0.64,4.17
03/18/2013,2.63,0.02,0.48,0.35,0.64,4.12
03/25/2013,2.65,0.02,0.45,0.31,0.63,4.07
04/01/2013,2.61,0.02,0.55,0.24,0.63,4.05
04/08/2013,2.54,0.02,0.49,0.35,0.63,4.03
04/15/2013,2.43,0.02,0.60,0.31,0.63,3.99
04/22/2013,2.40,0.02,0.59,0.29,0.63,3.93
04/29/2013,2.53,0.02,0.47,0.25,0.63,3.91
05/06/2013,2.53,0.02,0.56,0.18,0.63,3.91
05/13/2013,2.51,0.02,0.68,0.20,0.63,4.04
05/20/2013,2.54,0.02,0.54,0.32,0.63,4.05
05/27/2013,2.46,0.02,0.54,0.37,0.63,4.02
06/03/2013,2.39,0.02,0.57,0.36,0.63,3.98
06/10/2013,2.45,0.02,0.60,0.27,0.63,3.97
06/17/2013,2.56,0.02,0.55,0.24,0.63,3.99
06/24/2013,2.48,0.02,0.55,0.40,0.63,4.08
07/01/2013,2.55,0.02,0.33,0.44,0.67,4.00
07/08/2013,2.66,0.02,0.34,0.29,0.67,3.99
07/15/2013,2.72,0.02,0.39,0.22,0.67,4.02
07/22/2013,2.70,0.02,0.29,0.36,0.67,4.04
07/29/2013,2.60,0.02,0.31,0.41,0.67,4.00
08/05/2013,2.63,0.02,0.26,0.38,0.67,3.95
08/12/2013,2.61,0.02,0.23,0.37,0.67,3.90
08/19/2013,2.63,0.02,0.19,0.32,0.66,3.83
08/26/2013,2.63,0.02,0.20,0.29,0.66,3.80
09/02/2013,2.67,0.02,0.26,0.20,0.66,3.82
09/09/2013,2.71,0.02,0.34,0.16,0.67,3.90
09/16/2013,2.65,0.02,0.43,0.29,0.67,4.05
09/23/2013,2.57,0.02,0.29,0.46,0.67,4.01
09/30/2013,2.54,0.02,0.25,0.46,0.67,3.93
10/07/2013,2.53,0.02,0.21,0.43,0.66,3.85
10/14/2013,2.53,0.02,0.29,0.29,0.66,3.79
10/21/2013,2.47,0.02,0.36,0.25,0.66,3.77
10/28/2013,2.47,0.02,0.20,0.36,0.66,3.72
11/04/2013,2.39,0.02,0.26,0.33,0.66,3.67
11/11/2013,2.40,0.02,0.24,0.29,0.66,3.60
11/18/2013,2.41,0.02,0.18,0.29,0.66,3.56
11/25/2013,2.46,0.02,0.20,0.21,0.66,3.55
12/02/2013,2.50,0.02,0.16,0.24,0.66,3.58
12/09/2013,2.58,0.02,0.07,0.25,0.66,3.58
12/16/2013,2.58,0.02,0.01,0.30,0.66,3.57
12/23/2013,2.59,0.02,0.14,0.18,0.66,3.59
12/30/2013,2.59,0.02,0.20,0.17,0.66,3.65
01/06/2014,2.46,0.01,0.26,0.28,0.66,3.67
01/13/2014,2.42,0.01,0.21,0.33,0.66,3.64
01/20/2014,2.45,0.01,0.17,0.29,0.66,3.59
01/27/2014,2.47,0.01,0.21,0.24,0.66,3.58
02/03/2014,2.46,0.01,0.22,0.23,0.66,3.59
02/10/2014,2.49,0.01,0.29,0.17,0.66,3.63
02/17/2014,2.59,0.01,0.22,0.21,0.66,3.70
02/24/2014,2.58,0.01,0.32,0.21,0.66,3.80
03/03/2014,2.66,0.01,0.31,0.21,0.66,3.86
03/10/2014,2.54,0.01,0.42,0.25,0.67,3.90
03/17/2014,2.52,0.01,0.48,0.28,0.67,3.96
03/24/2014,2.57,0.01,0.47,0.25,0.67,3.97
03/31/2014,2.63,0.01,0.42,0.26,0.67,4.00
04/07/2014,2.52,0.01,0.61,0.21,0.67,4.03
04/14/2014,2.58,0.01,0.68,0.21,0.67,4.16
04/21/2014,2.61,0.01,0.64,0.27,0.67,4.21
04/28/2014,2.55,0.01,0.73,0.29,0.67,4.25
05/05/2014,2.51,0.01,0.59,0.45,0.67,4.22
05/12/2014,2.55,0.01,0.46,0.48,0.67,4.17
05/19/2014,2.59,0.01,0.49,0.39,0.67,4.16
05/26/2014,2.65,0.01,0.47,0.33,0.67,4.13
06/02/2014,2.58,0.01,0.54,0.33,0.67,4.13
06/09/2014,2.60,0.01,0.43,0.39,0.67,4.11
06/16/2014,2.66,0.01,0.45,0.31,0.67,4.10
06/23/2014,2.67,0.01,0.49,0.25,0.67,4.10
06/30/2014,2.69,0.01,0.49,0.27,0.67,4.13
07/07/2014,2.62,0.01,0.49,0.38,0.64,4.13
07/14/2014,2.54,0.01,0.41,0.50,0.63,4.09
07/21/2014,2.57,0.01,0.35,0.47,0.63,4.03
07/28/2014,2.53,0.01,0.40,0.42,0.63,3.99
08/04/2014,2.48,0.01,0.37,0.46,0.63,3.95
08/11/2014,2.47,0.01,0.41,0.40,0.63,3.93
08/18/2014,2.42,0.01,0.46,0.38,0.63,3.90
08/25/2014,2.38,0.01,0.50,0.36,0.63,3.88
09/01/2014,2.43,0.01,0.43,0.34,0.63,3.84
09/08/2014,2.30,0.01,0.52,0.36,0.63,3.82
09/15/2014,2.29,0.01,0.42,0.43,0.63,3.79
09/22/2014,2.24,0.01,0.44,0.40,0.63,3.73
09/29/2014,2.30,0.01,0.41,0.34,0.63,3.69
10/06/2014,2.16,0.01,0.48,0.39,0.63,3.67
10/13/2014,2.05,0.01,0.39,0.53,0.62,3.60
10/20/2014,1.96,0.01,0.33,0.56,0.62,3.49
10/27/2014,1.95,0.01,0.28,0.53,0.62,3.39
11/03/2014,1.92,0.01,0.30,0.46,0.62,3.30
11/10/2014,1.89,0.01,0.31,0.39,0.62,3.22
11/17/2014,1.83,0.01,0.28,0.41,0.61,3.15
11/24/2014,1.82,0.01,0.29,0.33,0.61,3.07
12/01/2014,1.66,0.01,0.40,0.36,0.61,3.05
12/08/2014,1.52,0.01,0.35,0.49,0.61,2.98
12/15/2014,1.37,0.01,0.23,0.65,0.61,2.88
12/22/2014,1.37,0.01,0.21,0.55,0.61,2.75
12/29/2014,1.33,0.01,0.21,0.53,0.60,2.68
01/05/2015,1.25,0.02,0.29,0.51,0.60,2.67
01/12/2015,1.15,0.02,0.29,0.53,0.60,2.59
01/19/2015,1.18,0.02,0.24,0.45,0.60,2.48
01/26/2015,1.10,0.02,0.37,0.35,0.60,2.44
02/02/2015,1.24,0.02,0.41,0.18,0.60,2.44
02/09/2015,1.30,0.02,0.53,0.17,0.60,2.63
02/16/2015,1.27,0.02,0.64,0.26,0.61,2.80
02/23/2015,1.26,0.02,0.85,0.22,0.61,2.96
03/02/2015,1.33,0.02,1.03,0.41,0.62,3.42
03/09/2015,1.30,0.02,1.02,0.48,0.62,3.44
03/16/2015,1.16,0.02,0.90,0.66,0.62,3.36
03/23/2015,1.23,0.02,0.73,0.67,0.62,3.27
03/30/2015,1.24,0.02,0.81,0.52,0.62,3.21
04/06/2015,1.31,0.02,0.73,0.47,0.61,3.15
04/13/2015,1.34,0.02,0.69,0.44,0.61,3.10
04/20/2015,1.45,0.02,0.78,0.30,0.61,3.16
04/27/2015,1.44,0.02,1.10,0.26,0.62,3.43
05/04/2015,1.50,0.02,1.14,0.43,0.63,3.71
05/11/2015,1.54,0.02,1.16,0.39,0.63,3.73
05/18/2015,1.55,0.02,1.16,0.45,0.63,3.81
05/25/2015,1.50,0.02,1.09,0.52,0.63,3.76
06/01/2015,1.55,0.02,0.90,0.60,0.63,3.69
06/08/2015,1.50,0.02,0.86,0.59,0.62,3.59
06/15/2015,1.55,0.02,0.81,0.52,0.62,3.51
06/22/2015,1.53,0.02,0.78,0.53,0.62,3.48
06/29/2015,1.48,0.02,0.88,0.45,0.62,3.45
07/06/2015,1.35,0.02,1.07,0.43,0.56,3.43
07/13/2015,1.35,0.02,1.57,0.37,0.57,3.88
07/20/2015,1.31,0.02,1.50,0.49,0.57,3.90
07/27/2015,1.29,0.02,1.44,0.49,0.57,3.81
08/03/2015,1.21,0.02,1.19,0.74,0.57,3.72
08/10/2015,1.21,0.02,1.07,0.71,0.56,3.57
08/17/2015,1.14,0.02,1.20,0.67,0.56,3.58
08/24/2015,1.03,0.02,1.11,0.75,0.56,3.48
08/31/2015,1.26,0.02,0.79,0.71,0.56,3.34
09/07/2015,1.21,0.02,0.88,0.60,0.56,3.27
09/14/2015,1.16,0.02,0.66,0.76,0.55,3.16
09/21/2015,1.15,0.02,0.71,0.64,0.55,3.07
09/28/2015,1.11,0.02,0.77,0.55,0.55,2.99
10/05/2015,1.16,0.02,0.71,0.51,0.55,2.95
10/12/2015,1.18,0.02,0.69,0.47,0.55,2.91
10/19/2015,1.14,0.02,0.69,0.47,0.55,2.86
10/26/2015,1.08,0.02,0.73,0.47,0.55,2.85
11/02/2015,1.15,0.02,0.74,0.37,0.55,2.82
11/09/2015,1.09,0.02,0.78,0.40,0.55,2.82
11/16/2015,1.03,0.02,0.64,0.55,0.55,2.78
11/23/2015,1.01,0.02,0.59,0.55,0.54,2.72
11/30/2015,0.99,0.02,0.68,0.46,0.54,2.69
12/07/2015,0.91,0.02,0.75,0.45,0.54,2.68
12/14/2015,0.87,0.02,0.81,0.41,0.54,2.65
12/21/2015,0.83,0.02,1.03,0.32,0.54,2.74
12/28/2015,0.84,0.02,1.13,0.29,0.55,2.83
01/04/2016,0.86,0.02,1.11,0.34,0.55,2.88
01/11/2016,0.71,0.02,0.95,0.62,0.55,2.84
01/18/2016,0.66,0.02,0.76,0.72,0.54,2.71
01/25/2016,0.67,0.02,0.73,0.68,0.54,2.64
02/01/2016,0.76,0.02,0.62,0.62,0.54,2.55
02/08/2016,0.72,0.02,0.51,0.69,0.54,2.49
02/15/2016,0.72,0.02,0.43,0.67,0.54,2.38
02/22/2016,0.79,0.02,0.49,0.47,0.54,2.30
02/29/2016,0.80,0.02,0.70,0.35,0.54,2.41
03/07/2016,0.91,0.02,0.62,0.35,0.54,2.44
03/14/2016,0.89,0.02,0.84,0.30,0.54,2.60
03/21/2016,0.98,0.02,0.79,0.35,0.54,2.68
03/28/2016,0.93,0.02,0.94,0.35,0.55,2.78
04/04/2016,0.86,0.02,0.88,0.48,0.55,2.78
04/11/2016,0.98,0.02,0.80,0.41,0.55,2.75
04/18/2016,0.99,0.02,0.78,0.44,0.55,2.77
04/25/2016,1.03,0.02,0.80,0.37,0.55,2.78
05/02/2016,1.08,0.02,0.83,0.34,0.55,2.81
05/09/2016,1.02,0.02,0.72,0.48,0.55,2.79
05/16/2016,1.15,0.02,0.63,0.45,0.55,2.79
05/23/2016,1.13,0.02,0.67,0.43,0.55,2.80
05/30/2016,1.15,0.02,0.70,0.40,0.55,2.81
06/06/2016,1.15,0.02,0.74,0.38,0.55,2.84
06/13/2016,1.12,0.02,0.74,0.44,0.55,2.86
06/20/2016,1.14,0.02,0.70,0.46,0.55,2.87
06/27/2016,1.08,0.02,0.82,0.46,0.55,2.93
07/04/2016,1.13,0.02,0.74,0.49,0.53,2.91
07/11/2016,1.04,0.02,0.66,0.62,0.53,2.87
07/18/2016,1.07,0.02,0.64,0.61,0.53,2.86
07/25/2016,1.01,0.02,0.56,0.69,0.52,2.79
08/01/2016,1.13,0.02,0.29,0.76,0.52,2.73
08/08/2016,1.02,0.02,0.52,0.61,0.52,2.68
08/15/2016,1.08,0.02,0.50,0.52,0.52,2.64
08/22/2016,1.10,0.02,0.61,0.45,0.52,2.70
08/29/2016,1.10,0.02,0.61,0.45,0.52,2.71
09/05/2016,1.04,0.02,0.67,0.46,0.52,2.71
09/12/2016,1.08,0.02,0.74,0.39,0.52,2.75
09/19/2016,1.03,0.02,0.73,0.47,0.52,2.76
09/26/2016,1.07,0.02,0.68,0.47,0.52,2.76
10/03/2016,1.14,0.02,0.72,0.40,0.52,2.81
10/10/2016,1.19,0.02,0.54,0.52,0.52,2.80
10/17/2016,1.19,0.02,0.60,0.47,0.52,2.81
10/24/2016,1.19,0.02,0.54,0.52,0.52,2.80
10/31/2016,1.11,0.02,0.74,0.43,0.52,2.82
11/07/2016,1.06,0.02,0.66,0.54,0.52,2.81
11/14/2016,1.04,0.02,0.52,0.66,0.52,2.76
11/21/2016,1.15,0.02,0.38,0.62,0.52,2.69
11/28/2016,1.12,0.02,0.45,0.56,0.52,2.67
12/05/2016,1.24,0.02,0.43,0.47,0.52,2.68
12/12/2016,1.29,0.02,0.32,0.52,0.52,2.67
12/19/2016,1.28,0.02,0.43,0.42,0.52,2.67
12/26/2016,1.28,0.02,0.46,0.42,0.52,2.71
01/02/2017,1.30,0.02,0.56,0.38,0.52,2.78
01/09/2017,1.26,0.02,0.64,0.36,0.52,2.80
01/16/2017,1.28,0.02,0.51,0.46,0.52,2.79
01/23/2017,1.30,0.02,0.45,0.50,0.52,2.78
01/30/2017,1.29,0.02,0.51,0.45,0.52,2.79
02/06/2017,1.30,0.02,0.56,0.42,0.52,2.83
02/13/2017,1.29,0.02,0.66,0.37,0.53,2.87
02/20/2017,1.31,0.02,0.59,0.45,0.53,2.90
02/27/2017,1.33,0.02,0.72,0.36,0.53,2.96
03/06/2017,1.30,0.02,0.72,0.43,0.53,3.00
03/13/2017,1.21,0.02,0.72,0.53,0.53,3.01
03/20/2017,1.22,0.02,0.69,0.55,0.53,3.00
03/27/2017,1.19,0.02,0.73,0.53,0.53,3.00
04/03/2017,1.25,0.02,0.74,0.46,0.53,2.99
04/10/2017,1.33,0.02,0.69,0.44,0.53,3.01
04/17/2017,1.32,0.02,0.74,0.41,0.53,3.02
04/24/2017,1.22,0.02,0.74,0.51,0.53,3.02
05/01/2017,1.21,0.02,0.66,0.59,0.53,3.00
05/08/2017,1.16,0.02,0.72,0.56,0.53,2.99
05/15/2017,1.22,0.02,0.83,0.41,0.53,3.01
05/22/2017,1.27,0.02,0.91,0.37,0.53,3.09
05/29/2017,1.24,0.02,0.86,0.48,0.53,3.13
06/05/2017,1.18,0.02,0.77,0.61,0.53,3.10
06/12/2017,1.15,0.02,0.70,0.64,0.53,3.04
06/19/2017,1.11,0.02,0.70,0.64,0.53,3.00
06/26/2017,1.09,0.02,0.69,0.63,0.53,2.95
07/03/2017,1.15,0.02,0.70,0.53,0.55,2.95
07/10/2017,1.12,0.02,0.74,0.53,0.55,2.95
07/17/2017,1.16,0.02,0.67,0.54,0.55,2.93
07/24/2017,1.17,0.02,0.72,0.49,0.55,2.94
07/31/2017,1.25,0.02,0.72,0.44,0.55,2.98
08/07/2017,1.24,0.02,0.72,0.47,0.55,2.99
08/14/2017,1.21,0.02,0.76,0.48,0.55,3.01
08/21/2017,1.22,0.02,0.72,0.52,0.55,3.03
08/28/2017,1.20,0.02,0.80,0.46,0.55,3.04
09/04/2017,1.23,0.02,0.95,0.42,0.55,3.16
09/11/2017,1.25,0.02,0.80,0.56,0.55,3.19
09/18/2017,1.31,0.02,0.71,0.56,0.55,3.16
09/25/2017,1.38,0.02,0.59,0.60,0.55,3.14
10/02/2017,1.34,0.02,0.58,0.62,0.55,3.11
10/09/2017,1.32,0.02,0.55,0.65,0.55,3.08
10/16/2017,1.37,0.02,0.57,0.57,0.55,3.08
10/23/2017,1.38,0.02,0.57,0.55,0.55,3.06
10/30/2017,1.45,0.02,0.56,0.49,0.55,3.07
11/06/2017,1.52,0.02,0.64,0.40,0.67,3.24
11/13/2017,1.50,0.02,0.56,0.52,0.67,3.28
11/20/2017,1.49,0.02,0.41,0.63,0.67,3.22
11/27/2017,1.53,0.02,0.40,0.58,0.67,3.20
12/04/2017,1.50,0.02,0.38,0.59,0.67,3.16
12/11/2017,1.52,0.02,0.35,0.56,0.67,3.12
12/18/2017,1.51,0.02,0.23,0.67,0.67,3.11
12/25/2017,1.53,0.02,0.41,0.50,0.67,3.13
01/01/2018,1.58,0.02,0.41,0.47,0.67,3.15
01/08/2018,1.62,0.02,0.45,0.44,0.67,3.20
01/15/2018,1.66,0.02,0.36,0.49,0.67,3.20
01/22/2018,1.64,0.02,0.44,0.44,0.67,3.21
01/29/2018,1.68,0.02,0.52,0.40,0.67,3.30
02/05/2018,1.64,0.02,0.59,0.45,0.68,3.37
02/12/2018,1.50,0.02,0.52,0.64,0.68,3.36
02/19/2018,1.56,0.02,0.55,0.55,0.68,3.35
02/26/2018,1.61,0.02,0.59,0.46,0.68,3.36
03/05/2018,1.58,0.02,0.61,0.47,0.68,3.36
03/12/2018,1.55,0.02,0.72,0.43,0.68,3.39
03/19/2018,1.57,0.02,0.74,0.42,0.68,3.43
03/26/2018,1.66,0.02,0.73,0.41,0.68,3.49
04/02/2018,1.60,0.02,0.79,0.45,0.68,3.54
04/09/2018,1.63,0.02,0.72,0.47,0.68,3.52
04/16/2018,1.69,0.02,0.70,0.46,0.68,3.55
04/23/2018,1.76,0.02,0.71,0.40,0.68,3.57
04/30/2018,1.75,0.02,0.75,0.41,0.68,3.61
05/07/2018,1.79,0.02,0.70,0.44,0.68,3.63
05/14/2018,1.84,0.02,0.67,0.39,0.68,3.60
05/21/2018,1.90,0.02,0.62,0.40,0.68,3.62
05/28/2018,1.77,0.02,0.76,0.40,0.68,3.64
06/04/2018,1.71,0.02,0.76,0.46,0.68,3.63
06/11/2018,1.74,0.02,0.71,0.47,0.68,3.62
06/18/2018,1.77,0.02,0.57,0.55,0.68,3.59
06/25/2018,1.80,0.02,0.56,0.50,0.68,3.56
07/02/2018,1.89,0.02,0.57,0.39,0.68,3.55
07/09/2018,1.90,0.02,0.55,0.40,0.68,3.55
07/16/2018,1.75,0.02,0.65,0.44,0.68,3.54
07/23/2018,1.77,0.02,0.60,0.45,0.68,3.51
07/30/2018,1.82,0.02,0.59,0.40,0.68,3.51
08/06/2018,1.78,0.02,0.59,0.43,0.68,3.50
08/13/2018,1.74,0.02,0.58,0.48,0.68,3.49
08/20/2018,1.72,0.02,0.62,0.43,0.68,3.46
08/27/2018,1.80,0.02,0.62,0.35,0.68,3.47
09/03/2018,1.82,0.02,0.63,0.35,0.68,3.50
09/10/2018,1.78,0.02,0.67,0.37,0.68,3.51
09/17/2018,1.83,0.02,0.59,0.40,0.68,3.52
09/24/2018,1.88,0.02,0.63,0.32,0.68,3.53
10/01/2018,2.00,0.02,0.62,0.31,0.68,3.62
10/08/2018,1.99,0.02,0.64,0.38,0.68,3.71
10/15/2018,1.91,0.02,0.66,0.43,0.68,3.71
10/22/2018,1.90,0.02,0.63,0.48,0.68,3.71
10/29/2018,1.82,0.02,0.52,0.63,0.68,3.68
11/05/2018,1.73,0.02,0.56,0.65,0.68,3.64
11/12/2018,1.65,0.02,0.51,0.72,0.68,3.58
11/19/2018,1.61,0.02,0.55,0.67,0.68,3.53
11/26/2018,1.47,0.02,0.63,0.68,0.68,3.48
12/03/2018,1.48,0.02,0.48,0.75,0.68,3.40
12/10/2018,1.43,0.02,0.54,0.65,0.67,3.32
12/17/2018,1.41,0.02,0.68,0.49,0.67,3.27
12/24/2018,1.31,0.02,0.67,0.59,0.67,3.25
12/31/2018,1.30,0.02,0.65,0.58,0.67,3.22
01/07/2019,1.38,0.02,0.53,0.58,0.67,3.18
01/14/2019,1.42,0.02,0.51,0.54,0.67,3.16
01/21/2019,1.49,0.02,0.52,0.44,0.67,3.15
01/28/2019,1.43,0.02,0.49,0.52,0.67,3.13
02/04/2019,1.50,0.02,0.52,0.42,0.67,3.13
02/11/2019,1.48,0.02,0.56,0.43,0.67,3.16
02/18/2019,1.60,0.02,0.47,0.41,0.67,3.16
02/25/2019,1.58,0.02,0.51,0.41,0.67,3.18
03/04/2019,1.60,0.02,0.49,0.42,0.67,3.20
03/11/2019,1.61,0.02,0.56,0.36,0.67,3.22
03/18/2019,1.63,0.02,0.58,0.37,0.67,3.26
03/25/2019,1.62,0.02,0.76,0.31,0.68,3.39
04/01/2019,1.67,0.02,0.82,0.33,0.68,3.53
04/08/2019,1.73,0.02,1.04,0.25,0.68,3.72
04/15/2019,1.71,0.02,1.13,0.38,0.69,3.92
04/22/2019,1.76,0.02,1.05,0.43,0.69,3.95
04/29/2019,1.71,0.02,1.19,0.37,0.69,3.98
05/06/2019,1.69,0.02,1.18,0.42,0.69,4.01
05/13/2019,1.67,0.02,1.02,0.57,0.69,3.97
05/20/2019,1.73,0.02,0.98,0.52,0.69,3.93
05/27/2019,1.63,0.02,0.97,0.58,0.69,3.88
06/03/2019,1.49,0.02,0.95,0.68,0.69,3.83
06/10/2019,1.50,0.02,0.89,0.65,0.68,3.75
06/17/2019,1.40,0.02,0.88,0.70,0.68,3.68
06/24/2019,1.60,0.02,0.67,0.64,0.68,3.61
07/01/2019,1.62,0.02,0.81,0.43,0.74,3.62
07/08/2019,1.59,0.02,0.77,0.51,0.74,3.63
07/15/2019,1.61,0.02,0.72,0.53,0.74,3.61
07/22/2019,1.53,0.02,0.67,0.62,0.74,3.57
07/29/2019,1.55,0.02,0.74,0.51,0.74,3.55
08/05/2019,1.47,0.02,0.73,0.58,0.74,3.54
08/12/2019,1.44,0.02,0.64,0.65,0.73,3.49
08/19/2019,1.47,0.02,0.67,0.57,0.73,3.46
08/26/2019,1.43,0.02,0.73,0.53,0.73,3.44
09/02/2019,1.45,0.02,0.92,0.37,0.73,3.49
09/09/2019,1.53,0.02,0.73,0.48,0.73,3.49
09/16/2019,1.66,0.02,0.74,0.34,0.73,3.50
09/23/2019,1.56,0.02,0.92,0.37,0.74,3.61
09/30/2019,1.47,0.02,1.48,0.24,0.74,3.95
10/07/2019,1.44,0.02,1.48,0.40,0.75,4.09
10/14/2019,1.51,0.02,1.30,0.51,0.75,4.09
10/21/2019,1.50,0.02,1.13,0.63,0.75,4.03
10/28/2019,1.54,0.02,0.91,0.74,0.74,3.95
11/04/2019,1.56,0.02,1.21,0.43,0.74,3.95
11/11/2019,1.52,0.02,1.00,0.64,0.74,3.92
11/18/2019,1.53,0.02,0.76,0.79,0.74,3.85
11/25/2019,1.56,0.02,0.59,0.85,0.74,3.75
12/02/2019,1.52,0.02,0.62,0.78,0.74,3.67
12/09/2019,1.59,0.02,0.50,0.74,0.74,3.58
12/16/2019,1.60,0.02,0.50,0.66,0.73,3.51
12/23/2019,1.61,0.02,0.54,0.55,0.73,3.46
12/30/2019,1.64,0.02,0.55,0.50,0.73,3.44
01/06/2020,1.68,0.02,0.52,0.47,0.73,3.43
01/13/2020,1.58,0.02,0.65,0.44,0.73,3.42
01/20/2020,1.59,0.02,0.65,0.42,0.73,3.41
01/27/2020,1.45,0.02,0.80,0.38,0.73,3.39
02/03/2020,1.33,0.02,0.90,0.38,0.73,3.37
02/10/2020,1.25,0.02,0.90,0.46,0.73,3.37
02/17/2020,1.33,0.02,0.88,0.39,0.73,3.36
02/24/2020,1.30,0.02,0.90,0.41,0.73,3.36
03/02/2020,1.21,0.02,0.89,0.50,0.73,3.35
03/09/2020,0.82,0.02,1.06,0.69,0.73,3.33
03/16/2020,0.70,0.02,0.87,0.91,0.73,3.22
03/23/2020,0.62,0.02,0.48,1.22,0.72,3.07
03/30/2020,0.56,0.02,0.42,1.24,0.72,2.95
04/06/2020,0.67,0.02,0.27,1.20,0.72,2.87
04/13/2020,0.53,0.02,0.29,1.19,0.72,2.75
04/20/2020,-0.06,0.02,1.03,1.00,0.72,2.70
04/27/2020,0.21,0.02,0.86,0.84,0.72,2.65
05/04/2020,0.35,0.02,0.81,0.74,0.72,2.64
05/11/2020,0.62,0.02,0.76,0.53,0.72,2.65
05/18/2020,0.77,0.02,0.70,0.49,0.72,2.69
05/25/2020,0.86,0.02,0.69,0.48,0.72,2.77
06/01/2020,0.92,0.02,0.67,0.47,0.72,2.80
06/08/2020,0.98,0.02,0.70,0.43,0.72,2.86
06/15/2020,0.99,0.02,0.69,0.47,0.72,2.89
06/22/2020,1.06,0.02,0.67,0.47,0.72,2.94
06/29/2020,1.03,0.02,0.60,0.59,0.72,2.96
07/06/2020,1.06,0.02,0.66,0.49,0.76,2.98
07/13/2020,1.03,0.02,0.72,0.50,0.76,3.02
07/20/2020,1.04,0.02,0.61,0.60,0.76,3.03
07/27/2020,1.01,0.02,0.75,0.51,0.76,3.05
08/03/2020,1.00,0.02,0.74,0.54,0.76,3.06
08/10/2020,1.04,0.02,0.70,0.54,0.76,3.05
08/17/2020,1.03,0.02,0.81,0.45,0.76,3.07
08/24/2020,1.05,0.02,0.77,0.50,0.76,3.09
08/31/2020,1.04,0.02,0.80,0.48,0.76,3.10
09/07/2020,0.97,0.02,0.82,0.55,0.76,3.11
09/14/2020,0.92,0.02,0.77,0.64,0.76,3.10
09/21/2020,0.96,0.02,0.76,0.59,0.76,3.09
09/28/2020,0.98,0.02,0.72,0.59,0.76,3.07
10/05/2020,0.95,0.02,0.72,0.61,0.76,3.06
10/12/2020,0.96,0.02,0.72,0.59,0.76,3.05
10/19/2020,1.00,0.02,0.67,0.60,0.76,3.05
10/26/2020,0.95,0.02,0.74,0.59,0.76,3.05
11/02/2020,0.91,0.02,0.73,0.62,0.76,3.03
11/09/2020,0.99,0.02,0.73,0.54,0.76,3.03
11/16/2020,1.04,0.02,0.62,0.59,0.76,3.03
11/23/2020,1.08,0.02,0.64,0.53,0.76,3.03
11/30/2020,1.13,0.02,0.66,0.47,0.76,3.03
12/07/2020,1.14,0.02,0.54,0.59,0.76,3.04
12/14/2020,1.20,0.02,0.52,0.54,0.76,3.04
12/21/2020,1.23,0.02,0.60,0.46,0.76,3.06
12/28/2020,1.23,0.02,0.67,0.41,0.76,3.09
01/04/2021,1.22,0.02,0.69,0.41,0.76,3.10
01/11/2021,1.34,0.02,0.66,0.37,0.76,3.15
01/18/2021,1.34,0.02,0.65,0.45,0.76,3.21
01/25/2021,1.33,0.02,0.68,0.46,0.76,3.25
02/01/2021,1.35,0.02,0.70,0.45,0.76,3.27
02/08/2021,1.45,0.02,0.64,0.45,0.76,3.32
02/15/2021,1.48,0.02,0.61,0.48,0.76,3.35
02/22/2021,1.54,0.02,0.73,0.40,0.77,3.45
03/01/2021,1.51,0.02,0.83,0.43,0.77,3.56
03/08/2021,1.62,0.02,0.80,0.42,0.77,3.64
03/15/2021,1.63,0.02,0.90,0.41,0.77,3.73
03/22/2021,1.54,0.02,0.88,0.55,0.77,3.76
03/29/2021,1.55,0.02,0.89,0.53,0.77,3.77
04/05/2021,1.48,0.02,1.03,0.49,0.77,3.79
04/12/2021,1.50,0.02,1.01,0.50,0.77,3.80
04/19/2021,1.59,0.02,1.00,0.46,0.77,3.84
04/26/2021,1.55,0.02,1.04,0.47,0.77,3.86
05/03/2021,1.62,0.02,1.05,0.45,0.78,3.91
05/10/2021,1.60,0.02,1.12,0.44,0.78,3.95
05/17/2021,1.62,0.02,1.07,0.49,0.78,3.98
05/24/2021,1.61,0.02,1.09,0.51,0.78,4.01
05/31/2021,1.62,0.02,1.16,0.48,0.78,4.06
06/07/2021,1.70,0.02,1.09,0.48,0.78,4.08
06/14/2021,1.73,0.02,1.04,0.51,0.78,4.09
06/21/2021,1.78,0.02,1.02,0.49,0.78,4.09
06/28/2021,1.78,0.02,1.09,0.46,0.78,4.13
07/05/2021,1.83,0.02,1.06,0.45,0.79,4.14
07/12/2021,1.80,0.02,1.05,0.51,0.79,4.17
07/19/2021,1.64,0.02,1.20,0.54,0.79,4.18
07/26/2021,1.77,0.02,1.13,0.47,0.79,4.17
08/02/2021,1.75,0.02,1.25,0.41,0.79,4.21
08/09/2021,1.66,0.02,1.25,0.52,0.79,4.23
08/16/2021,1.66,0.02,1.26,0.52,0.79,4.26
08/23/2021,1.63,0.02,1.09,0.70,0.79,4.23
08/30/2021,1.72,0.02,1.15,0.55,0.79,4.23
09/06/2021,1.72,0.02,1.14,0.55,0.79,4.23
09/13/2021,1.76,0.02,1.04,0.62,0.79,4.23
09/20/2021,1.76,0.02,1.03,0.62,0.79,4.22
09/27/2021,1.88,0.02,1.02,0.50,0.79,4.22
10/04/2021,1.94,0.02,1.04,0.45,0.79,4.24
10/11/2021,2.00,0.02,1.01,0.45,0.79,4.27
10/18/2021,2.02,0.02,1.12,0.38,0.79,4.34
10/25/2021,2.06,0.02,1.08,0.44,0.79,4.39
11/01/2021,2.04,0.02,1.17,0.41,0.79,4.44
11/08/2021,2.02,0.02,1.11,0.53,0.79,4.47
11/15/2021,1.99,0.02,1.29,0.44,0.80,4.53
11/22/2021,1.92,0.02,1.19,0.63,0.80,4.55
11/29/2021,1.77,0.02,1.34,0.62,0.80,4.55
12/06/2021,1.77,0.02,1.20,0.75,0.80,4.53
12/13/2021,1.80,0.02,1.18,0.72,0.79,4.51
12/20/2021,1.75,0.02,1.22,0.72,0.79,4.50
12/27/2021,1.90,0.02,1.09,0.68,0.79,4.49
01/03/2022,1.91,0.02,1.17,0.61,0.79,4.50
01/10/2022,1.96,0.02,1.10,0.64,0.79,4.50
01/17/2022,2.09,0.02,0.98,0.62,0.79,4.50
01/24/2022,2.08,0.02,0.90,0.69,0.79,4.49
01/31/2022,2.17,0.02,0.88,0.62,0.79,4.49
02/07/2022,2.22,0.02,1.00,0.48,0.79,4.51
02/14/2022,2.29,0.02,1.00,0.42,0.80,4.52
02/21/2022,2.22,0.02,1.09,0.45,0.80,4.57
02/28/2022,2.33,0.02,1.08,0.44,0.80,4.67
03/07/2022,2.87,0.02,1.22,0.26,0.81,5.19
03/14/2022,2.50,0.02,1.72,0.54,0.82,5.59
03/21/2022,2.72,0.02,1.72,0.43,0.82,5.71
03/28/2022,2.58,0.02,1.82,0.52,0.83,5.76
04/04/2022,2.57,0.02,1.36,0.95,0.82,5.71
04/11/2022,2.46,0.02,1.39,0.93,0.82,5.62
04/18/2022,2.76,0.02,1.22,0.72,0.82,5.55
04/25/2022,2.54,0.02,1.51,0.63,0.82,5.51
05/02/2022,2.66,0.02,1.59,0.44,0.82,5.53
05/09/2022,2.62,0.02,1.82,0.38,0.82,5.65
05/16/2022,2.82,0.02,1.85,0.27,0.82,5.79
05/23/2022,2.76,0.02,1.72,0.58,0.83,5.90
05/30/2022,2.88,0.02,1.89,0.38,0.83,5.99
06/06/2022,2.94,0.02,2.02,0.37,0.83,6.18
06/13/2022,3.00,0.02,1.85,0.56,0.83,6.27
06/20/2022,2.77,0.02,1.70,0.90,0.83,6.22
06/27/2022,2.77,0.02,1.70,0.82,0.83,6.14
,,,,,,
,,,,,,
,,,,,,